{"cameraMode":{"drawMode":0,"name":"Shaded","section":"Shading Mode"},"sceneLighting":true,"audioPlay":false,"sceneViewState":{"showFog":true,"showMaterialUpdate":false,"showSkybox":false,"showFlares":true,"showImageEffects":true,"showParticleSystems":true,"showVisualEffectGraphs":true,"m_FxEnabled":true},"in2DMode":false,"pivot":{"x":16.010927200317384,"y":-11.982124328613282,"z":7.278375625610352},"rotation":{"x":0.6227952241897583,"y":-0.0035283961333334448,"z":0.0028070579282939436,"w":0.7823854684829712},"size":50.460174560546878,"orthographic":false}