{"cameraMode":{"drawMode":0,"name":"Shaded","section":"Shading Mode"},"sceneLighting":true,"audioPlay":false,"sceneViewState":{"showFog":true,"showMaterialUpdate":false,"showSkybox":true,"showFlares":true,"showImageEffects":true,"showParticleSystems":true,"showVisualEffectGraphs":true,"m_FxEnabled":true},"in2DMode":false,"pivot":{"x":-0.6233294010162354,"y":1.1557824611663819,"z":6.749842643737793},"rotation":{"x":-0.00448350515216589,"y":0.6216568350791931,"z":0.0035051379818469288,"w":0.7833541631698608},"size":1.5643819570541382,"orthographic":true}