{"cameraMode":{"drawMode":0,"name":"Shaded","section":"Shading Mode"},"sceneLighting":true,"audioPlay":false,"sceneViewState":{"showFog":true,"showMaterialUpdate":false,"showSkybox":true,"showFlares":true,"showImageEffects":true,"showParticleSystems":true,"showVisualEffectGraphs":true,"m_FxEnabled":true},"in2DMode":false,"pivot":{"x":0.5864917039871216,"y":-3.9894933700561525,"z":12.42186450958252},"rotation":{"x":0.3215492069721222,"y":-0.0029040758963674309,"z":0.0007255036034621298,"w":0.9470701217651367},"size":12.993158340454102,"orthographic":true}