{"cameraMode":{"drawMode":0,"name":"Shaded","section":"Shading Mode"},"sceneLighting":true,"audioPlay":false,"sceneViewState":{"showFog":true,"showMaterialUpdate":false,"showSkybox":true,"showFlares":true,"showImageEffects":true,"showParticleSystems":true,"showVisualEffectGraphs":true,"m_FxEnabled":true},"in2DMode":false,"pivot":{"x":-2.2946667671203615,"y":0.9141902923583984,"z":14.402251243591309},"rotation":{"x":0.23944276571273805,"y":-0.017176948487758638,"z":0.004215382970869541,"w":0.9708383083343506},"size":13.215103149414063,"orthographic":true}