{"cameraMode":{"drawMode":0,"name":"Shaded","section":"Shading Mode"},"sceneLighting":true,"audioPlay":false,"sceneViewState":{"showFog":true,"showMaterialUpdate":false,"showSkybox":false,"showFlares":true,"showImageEffects":true,"showParticleSystems":true,"showVisualEffectGraphs":true,"m_FxEnabled":true},"in2DMode":false,"pivot":{"x":-0.2575412690639496,"y":-3.1212692260742189,"z":4.428780555725098},"rotation":{"x":0.6239484548568726,"y":0.007024296559393406,"z":-0.0056135146878659729,"w":0.7814242839813232},"size":54.353450775146487,"orthographic":false}