{"cameraMode":{"drawMode":0,"name":"Shaded","section":"Shading Mode"},"sceneLighting":true,"audioPlay":false,"sceneViewState":{"showFog":true,"showMaterialUpdate":false,"showSkybox":false,"showFlares":true,"showImageEffects":true,"showParticleSystems":true,"showVisualEffectGraphs":true,"m_FxEnabled":true},"in2DMode":false,"pivot":{"x":24.850284576416017,"y":2.8364601135253908,"z":-1.200370192527771},"rotation":{"x":0.7119945287704468,"y":-0.0008513652719557285,"z":0.0008389371796511114,"w":0.702217698097229},"size":56.558815002441409,"orthographic":false}