{"cameraMode":{"drawMode":0,"name":"Shaded","section":"Shading Mode"},"sceneLighting":true,"audioPlay":false,"sceneViewState":{"showFog":true,"showMaterialUpdate":false,"showSkybox":false,"showFlares":true,"showImageEffects":true,"showParticleSystems":true,"showVisualEffectGraphs":true,"m_FxEnabled":true},"in2DMode":false,"pivot":{"x":5.9402852058410648,"y":-54.561187744140628,"z":-19.816253662109376},"rotation":{"x":0.6992294788360596,"y":0.0010701741557568312,"z":-0.001039804657921195,"w":0.7149096131324768},"size":100.42457580566406,"orthographic":false}