{"cameraMode":{"drawMode":0,"name":"Shaded","section":"Shading Mode"},"sceneLighting":true,"audioPlay":false,"sceneViewState":{"showFog":true,"showMaterialUpdate":false,"showSkybox":false,"showFlares":true,"showImageEffects":true,"showParticleSystems":true,"showVisualEffectGraphs":true,"m_FxEnabled":true},"in2DMode":false,"pivot":{"x":-19.295011520385743,"y":0.6638345718383789,"z":-21.033069610595704},"rotation":{"x":0.39979061484336855,"y":0.011272651143372059,"z":-0.004933428950607777,"w":0.9165486097335815},"size":53.23152542114258,"orthographic":false}