{"cameraMode":{"drawMode":0,"name":"Shaded","section":"Shading Mode"},"sceneLighting":false,"audioPlay":false,"sceneViewState":{"showFog":true,"showMaterialUpdate":false,"showSkybox":false,"showFlares":true,"showImageEffects":true,"showParticleSystems":true,"showVisualEffectGraphs":true,"m_FxEnabled":true},"in2DMode":false,"pivot":{"x":-0.9499984979629517,"y":1.5668249130249024,"z":-0.999916136264801},"rotation":{"x":0.4780132472515106,"y":-0.0027852689381688835,"z":0.0011320299236103893,"w":0.8785256743431091},"size":2.134777784347534,"orthographic":true}