{"cameraMode":{"drawMode":0,"name":"Shaded","section":"Shading Mode"},"sceneLighting":false,"audioPlay":false,"sceneViewState":{"showFog":true,"showMaterialUpdate":false,"showSkybox":false,"showFlares":true,"showImageEffects":true,"showParticleSystems":true,"showVisualEffectGraphs":true,"m_FxEnabled":true},"in2DMode":false,"pivot":{"x":1.3156455755233765,"y":0.025545477867126466,"z":-1.2489211559295655},"rotation":{"x":0.016139701008796693,"y":-0.9796438217163086,"z":0.1800951361656189,"w":0.08750931918621063},"size":2.338017702102661,"orthographic":false}