{"cameraMode":{"drawMode":0,"name":"Shaded","section":"Shading Mode"},"sceneLighting":true,"audioPlay":false,"sceneViewState":{"showFog":true,"showMaterialUpdate":false,"showSkybox":true,"showFlares":true,"showImageEffects":true,"showParticleSystems":true,"showVisualEffectGraphs":true,"m_FxEnabled":true},"in2DMode":false,"pivot":{"x":38.740089416503909,"y":-191.91189575195313,"z":74.41575622558594},"rotation":{"x":0.5284450650215149,"y":0.011698173359036446,"z":-0.007329154759645462,"w":0.8488853573799133},"size":200.9886932373047,"orthographic":false}