{"cameraMode":{"drawMode":0,"name":"Shaded","section":"Shading Mode"},"sceneLighting":true,"audioPlay":false,"sceneViewState":{"showFog":true,"showMaterialUpdate":false,"showSkybox":true,"showFlares":true,"showImageEffects":true,"showParticleSystems":true,"showVisualEffectGraphs":true,"m_FxEnabled":true},"in2DMode":false,"pivot":{"x":83.69757080078125,"y":-7.8001251220703129,"z":157.2865753173828},"rotation":{"x":0.7088239789009094,"y":0.002319200662896037,"z":-0.002354650292545557,"w":0.7054110765457153},"size":114.78131103515625,"orthographic":false}