{"cameraMode":{"drawMode":0,"name":"Shaded","section":"Shading Mode"},"sceneLighting":false,"audioPlay":false,"sceneViewState":{"showFog":true,"showMaterialUpdate":false,"showSkybox":false,"showFlares":true,"showImageEffects":true,"showParticleSystems":true,"showVisualEffectGraphs":true,"m_FxEnabled":true},"in2DMode":false,"pivot":{"x":-2.3500003814697267,"y":0.10000038146972656,"z":7.850000381469727},"rotation":{"x":0.45009785890579226,"y":-0.008174172602593899,"z":0.003733392572030425,"w":0.8931228518486023},"size":25.980762481689454,"orthographic":true}