{"cameraMode":{"drawMode":0,"name":"Shaded","section":"Shading Mode"},"sceneLighting":true,"audioPlay":false,"sceneViewState":{"showFog":true,"showMaterialUpdate":false,"showSkybox":false,"showFlares":true,"showImageEffects":true,"showParticleSystems":true,"showVisualEffectGraphs":true,"m_FxEnabled":true},"in2DMode":false,"pivot":{"x":7.388084411621094,"y":3.4867324829101564,"z":-3.535628318786621},"rotation":{"x":0.6752541661262512,"y":-0.0033248893450945617,"z":0.0030439007095992567,"w":0.7375827431678772},"size":23.993791580200197,"orthographic":false}