{"cameraMode":{"drawMode":0,"name":"Shaded","section":"Shading Mode"},"sceneLighting":false,"audioPlay":false,"sceneViewState":{"showFog":true,"showMaterialUpdate":false,"showSkybox":false,"showFlares":true,"showImageEffects":true,"showParticleSystems":true,"showVisualEffectGraphs":true,"m_FxEnabled":true},"in2DMode":false,"pivot":{"x":0.0011653900146484376,"y":0.9038348197937012,"z":-0.033515721559524539},"rotation":{"x":0.016139701008796693,"y":-0.9796438217163086,"z":0.1800951361656189,"w":0.08750931918621063},"size":1.4504485130310059,"orthographic":false}