{"cameraMode":{"drawMode":0,"name":"Shaded","section":"Shading Mode"},"sceneLighting":false,"audioPlay":false,"sceneViewState":{"showFog":true,"showMaterialUpdate":false,"showSkybox":false,"showFlares":true,"showImageEffects":true,"showParticleSystems":true,"showVisualEffectGraphs":true,"m_FxEnabled":true},"in2DMode":false,"pivot":{"x":-5.610000133514404,"y":1.7000000476837159,"z":7.849999904632568},"rotation":{"x":0.45009785890579226,"y":-0.008174172602593899,"z":0.003733392572030425,"w":0.8931228518486023},"size":2.289104700088501,"orthographic":true}