{"cameraMode":{"drawMode":0,"name":"Shaded","section":"Shading Mode"},"sceneLighting":true,"audioPlay":false,"sceneViewState":{"showFog":true,"showMaterialUpdate":false,"showSkybox":false,"showFlares":true,"showImageEffects":true,"showParticleSystems":true,"showVisualEffectGraphs":true,"m_FxEnabled":true},"in2DMode":false,"pivot":{"x":16.33470916748047,"y":-15.170539855957032,"z":-15.73312759399414},"rotation":{"x":0.6895086765289307,"y":0.0032520343083888294,"z":-0.0030977209098637106,"w":0.7242780923843384},"size":65.71227264404297,"orthographic":false}