{"cameraMode":{"drawMode":0,"name":"Shaded","section":"Shading Mode"},"sceneLighting":true,"audioPlay":false,"sceneViewState":{"showFog":true,"showMaterialUpdate":false,"showSkybox":false,"showFlares":true,"showImageEffects":true,"showParticleSystems":true,"showVisualEffectGraphs":true,"m_FxEnabled":true},"in2DMode":false,"pivot":{"x":0.2702064514160156,"y":-0.02522554248571396,"z":0.17402513325214387},"rotation":{"x":0.026630012318491937,"y":0.7093865871429443,"z":-0.02683272585272789,"w":0.7038611769676209},"size":1.706719160079956,"orthographic":false}