{"cameraMode":{"drawMode":0,"name":"Shaded","section":"Shading Mode"},"sceneLighting":true,"audioPlay":false,"sceneViewState":{"showFog":true,"showMaterialUpdate":false,"showSkybox":false,"showFlares":true,"showImageEffects":true,"showParticleSystems":true,"showVisualEffectGraphs":true,"m_FxEnabled":true},"in2DMode":false,"pivot":{"x":-3.0228569507598879,"y":-16.28789520263672,"z":-3.1450557708740236},"rotation":{"x":0.6086168885231018,"y":0.0011809050338342786,"z":-0.0009116997825913131,"w":0.7934728264808655},"size":63.22618103027344,"orthographic":false}