{"cameraMode":{"drawMode":0,"name":"Shaded","section":"Shading Mode"},"sceneLighting":false,"audioPlay":false,"sceneViewState":{"showFog":true,"showMaterialUpdate":false,"showSkybox":false,"showFlares":true,"showImageEffects":true,"showParticleSystems":true,"showVisualEffectGraphs":true,"m_FxEnabled":true},"in2DMode":false,"pivot":{"x":4.49144983291626,"y":-13.869789123535157,"z":17.088367462158204},"rotation":{"x":0.2915186583995819,"y":-0.005451952572911978,"z":0.0016466568922623993,"w":0.9565730094909668},"size":22.68160057067871,"orthographic":false}