{"cameraMode":{"drawMode":0,"name":"Shaded","section":"Shading Mode"},"sceneLighting":true,"audioPlay":false,"sceneViewState":{"showFog":true,"showMaterialUpdate":false,"showSkybox":false,"showFlares":true,"showImageEffects":true,"showParticleSystems":true,"showVisualEffectGraphs":true,"m_FxEnabled":true},"in2DMode":false,"pivot":{"x":-18.595003128051759,"y":0.6599998474121094,"z":-17.462112426757814},"rotation":{"x":0.39979061484336855,"y":0.011272651143372059,"z":-0.004933428950607777,"w":0.9165486097335815},"size":29.040149688720704,"orthographic":false}