{"cameraMode":{"drawMode":0,"name":"Shaded","section":"Shading Mode"},"sceneLighting":true,"audioPlay":false,"sceneViewState":{"showFog":true,"showMaterialUpdate":false,"showSkybox":false,"showFlares":true,"showImageEffects":true,"showParticleSystems":true,"showVisualEffectGraphs":true,"m_FxEnabled":true},"in2DMode":false,"pivot":{"x":6.352187633514404,"y":11.633607864379883,"z":-0.004900932312011719},"rotation":{"x":0.5808715224266052,"y":0.007562319748103619,"z":-0.0054216813296079639,"w":0.8139729499816895},"size":9.358311653137207,"orthographic":false}