{"cameraMode":{"drawMode":0,"name":"Shaded","section":"Shading Mode"},"sceneLighting":false,"audioPlay":false,"sceneViewState":{"showFog":true,"showMaterialUpdate":false,"showSkybox":false,"showFlares":true,"showImageEffects":true,"showParticleSystems":true,"showVisualEffectGraphs":true,"m_FxEnabled":true},"in2DMode":false,"pivot":{"x":0.9600000381469727,"y":0.10000038146972656,"z":7.850000381469727},"rotation":{"x":-0.0038624953012913467,"y":0.9937260746955872,"z":-0.1065429225564003,"w":-0.03548948094248772},"size":25.980762481689454,"orthographic":true}