{"cameraMode":{"drawMode":0,"name":"Shaded","section":"Shading Mode"},"sceneLighting":true,"audioPlay":false,"sceneViewState":{"showFog":true,"showMaterialUpdate":false,"showSkybox":false,"showFlares":true,"showImageEffects":true,"showParticleSystems":true,"showVisualEffectGraphs":true,"m_FxEnabled":true},"in2DMode":false,"pivot":{"x":9.605573654174805,"y":3.0336151123046877,"z":-2.8423562049865724},"rotation":{"x":-0.7119912505149841,"y":0.0025501663330942394,"z":-0.0025445963256061079,"w":-0.7022126913070679},"size":48.7974739074707,"orthographic":false}