{"cameraMode":{"drawMode":0,"name":"Shaded","section":"Shading Mode"},"sceneLighting":false,"audioPlay":false,"sceneViewState":{"showFog":true,"showMaterialUpdate":false,"showSkybox":false,"showFlares":true,"showImageEffects":true,"showParticleSystems":true,"showVisualEffectGraphs":true,"m_FxEnabled":true},"in2DMode":false,"pivot":{"x":-19.99889373779297,"y":1.570000410079956,"z":-19.999998092651368},"rotation":{"x":0.39979061484336855,"y":0.011272651143372059,"z":-0.004933428950607777,"w":0.9165486097335815},"size":22.68160057067871,"orthographic":false}