{"cameraMode":{"drawMode":0,"name":"Shaded","section":"Shading Mode"},"sceneLighting":true,"audioPlay":false,"sceneViewState":{"showFog":true,"showMaterialUpdate":false,"showSkybox":false,"showFlares":true,"showImageEffects":true,"showParticleSystems":true,"showVisualEffectGraphs":true,"m_FxEnabled":true},"in2DMode":false,"pivot":{"x":-20.784568786621095,"y":0.6599998474121094,"z":26.818212509155275},"rotation":{"x":0.4780132472515106,"y":-0.0027852689381688835,"z":0.0011320299236103893,"w":0.8785256743431091},"size":18.942686080932618,"orthographic":true}