{"cameraMode":{"drawMode":0,"name":"Shaded","section":"Shading Mode"},"sceneLighting":true,"audioPlay":false,"sceneViewState":{"showFog":true,"showMaterialUpdate":false,"showSkybox":false,"showFlares":true,"showImageEffects":true,"showParticleSystems":true,"showVisualEffectGraphs":true,"m_FxEnabled":true},"in2DMode":false,"pivot":{"x":3.801640510559082,"y":2.594573974609375,"z":-3.4349513053894045},"rotation":{"x":0.6927787065505981,"y":0.00020806588872801512,"z":-0.00022355234250426292,"w":0.7211841344833374},"size":66.0303955078125,"orthographic":false}