{"cameraMode":{"drawMode":0,"name":"Shaded","section":"Shading Mode"},"sceneLighting":true,"audioPlay":false,"sceneViewState":{"showFog":true,"showMaterialUpdate":false,"showSkybox":false,"showFlares":true,"showImageEffects":true,"showParticleSystems":true,"showVisualEffectGraphs":true,"m_FxEnabled":true},"in2DMode":false,"pivot":{"x":13.961204528808594,"y":2.541738510131836,"z":10.098711967468262},"rotation":{"x":0.712985634803772,"y":-0.009263607673346997,"z":0.009396545588970185,"w":0.7010881304740906},"size":46.568111419677737,"orthographic":false}