{"cameraMode":{"drawMode":0,"name":"Shaded","section":"Shading Mode"},"sceneLighting":false,"audioPlay":false,"sceneViewState":{"showFog":true,"showMaterialUpdate":false,"showSkybox":false,"showFlares":true,"showImageEffects":true,"showParticleSystems":true,"showVisualEffectGraphs":true,"m_FxEnabled":true},"in2DMode":false,"pivot":{"x":-5.6100006103515629,"y":0.10000038146972656,"z":7.850000381469727},"rotation":{"x":0.37753069400787356,"y":0.027770908549427987,"z":-0.011325920931994915,"w":0.925518274307251},"size":25.980762481689454,"orthographic":false}